Date,Description,Amount
09/01/2026,DIRECT DEPOSIT PAYROLL,2450.00
09/02/2026,WHOLE FOODS #4521,-87.43
09/03/2026,SHELL OIL 05741,-42.10
09/04/2026,NETFLIX.COM,-15.99
09/05/2026,STARBUCKS STORE 8842,-6.75
09/06/2026,RENT PAYMENT - PROPERTY MGMT,-1200.00
09/07/2026,AMAZON.COM AMZN,-64.28
09/08/2026,COMCAST XFINITY,-89.99
09/09/2026,UBER TRIP 4X92J,-18.50
09/10/2026,CVS PHARMACY #3391,-24.60
09/11/2026,GEICO INSURANCE,-112.40
09/12/2026,TRADER JOES #118,-53.21
09/13/2026,MYSTERY VENDOR XZQ 9981,-30.00
09/14/2026,ATM WITHDRAWAL FEE,-3.50
09/15/2026,DIRECT DEPOSIT PAYROLL,2450.00
